{
  "name": "reactinrazor",
  "version": "0.1.0",
  "private": true,
  "dependencies": {
    "@babel/core": "^7.16.0",
    "@pmmmwh/react-refresh-webpack-plugin": "^0.5.3",
    "@svgr/webpack": "^5.5.0",
    "babel-jest": "^27.4.2",
    "babel-loader": "^8.2.3",
    "babel-plugin-named-asset-import": "^0.3.8",
    "babel-preset-react-app": "^10.0.1",
    "bfj": "^7.0.2",
    "bootstrap": "^5.1.3",
    "browserslist": "^4.18.1",
    "camelcase": "^6.2.1",
    "case-sensitive-paths-webpack-plugin": "^2.4.0",
    "css-loader": "^6.5.1",
    "css-minimizer-webpack-plugin": "^3.2.0",
    "dotenv": "^10.0.0",
    "dotenv-expand": "^5.1.0",
    "eslint": "^8.3.0",
    "eslint-config-react-app": "^7.0.1",
    "eslint-webpack-plugin": "^3.1.1",
    "file-loader": "^6.2.0",
    "fs-extra": "^10.0.0",
    "html-webpack-plugin": "^5.5.0",
    "identity-obj-proxy": "^3.0.0",
    "jest": "^27.4.3",
    "jest-resolve": "^27.4.2",
    "jest-watch-typeahead": "^1.0.0",
    "jquery": "~3.6.0",
    "merge": "^2.1.1",
    "mini-css-extract-plugin": "^2.4.5",
    "oidc-client": "~1.11.5",
    "postcss": "^8.4.4",
    "postcss-flexbugs-fixes": "^5.0.2",
    "postcss-loader": "^6.2.1",
    "postcss-normalize": "^10.0.1",
    "postcss-preset-env": "^7.0.1",
    "prompts": "^2.4.2",
    "react": "^18.2.0",
    "react-app-polyfill": "^3.0.0",
    "react-dev-utils": "^12.0.1",
    "react-dom": "^18.2.0",
    "react-refresh": "^0.11.0",
    "react-router": "~6.0.2",
    "react-router-bootstrap": "^0.26.1",
    "react-router-dom": "^6.3.0",
    "reactstrap": "^9.1.1",
    "resolve": "^1.20.0",
    "resolve-url-loader": "^4.0.0",
    "rimraf": "^3.0.2",
    "sass-loader": "^12.3.0",
    "semver": "^7.3.5",
    "source-map-loader": "^3.0.0",
    "style-loader": "^3.3.1",
    "tailwindcss": "^3.0.2",
    "terser-webpack-plugin": "^5.2.5",
    "web-vitals": "^2.1.4",
    "webpack": "^5.64.4",
    "webpack-dev-server": "^4.6.0",
    "webpack-manifest-plugin": "^4.0.2",
    "workbox-webpack-plugin": "^6.4.1"
  },
  "devDependencies": {
    "@babel/plugin-proposal-private-property-in-object": "^7.16.0",
    "@typescript-eslint/eslint-plugin": "^5.5.0",
    "@typescript-eslint/parser": "^5.5.0",
    "ajv": "^8.11.0",
    "cross-env": "^7.0.3",
    "eslint": "^8.0.0",
    "eslint-config-react-app": "7.0.1",
    "nan": "^2.16.0",
    "typescript": "^4.7.4"
  },
  "overrides": {
    "autoprefixer": "10.4.5"
  },
  "scripts": {
    "start": "rimraf ./build && node scripts/start.js",
    "build": "node scripts/build.js",
    "test": "cross-env CI=true node scripts/test.js --env=jsdom"
  },
  "browserslist": {
    "production": [
      ">0.2%",
      "not dead",
      "not op_mini all"
    ],
    "development": [
      ">0.2%",
      "not dead",
      "not op_mini all",
      "IE 11"
    ]
  },
  "resolutions": {
    "url-parse": ">=1.5.0",
    "lodash": ">=4.17.21"
  },
  "jest": {
    "roots": [
      "<rootDir>/src"
    ],
    "collectCoverageFrom": [
      "src/**/*.{js,jsx,ts,tsx}",
      "!src/**/*.d.ts"
    ],
    "setupFiles": [
      "react-app-polyfill/jsdom"
    ],
    "setupFilesAfterEnv": [],
    "testMatch": [
      "<rootDir>/src/**/__tests__/**/*.{js,jsx,ts,tsx}",
      "<rootDir>/src/**/*.{spec,test}.{js,jsx,ts,tsx}"
    ],
    "testEnvironment": "jsdom",
    "transform": {
      "^.+\\.(js|jsx|mjs|cjs|ts|tsx)$": "<rootDir>/config/jest/babelTransform.js",
      "^.+\\.css$": "<rootDir>/config/jest/cssTransform.js",
      "^(?!.*\\.(js|jsx|mjs|cjs|ts|tsx|css|json)$)": "<rootDir>/config/jest/fileTransform.js"
    },
    "transformIgnorePatterns": [
      "[/\\\\]node_modules[/\\\\].+\\.(js|jsx|mjs|cjs|ts|tsx)$",
      "^.+\\.module\\.(css|sass|scss)$"
    ],
    "modulePaths": [],
    "moduleNameMapper": {
      "^react-native$": "react-native-web",
      "^.+\\.module\\.(css|sass|scss)$": "identity-obj-proxy"
    },
    "moduleFileExtensions": [
      "web.js",
      "js",
      "web.ts",
      "ts",
      "web.tsx",
      "tsx",
      "json",
      "web.jsx",
      "jsx",
      "node"
    ],
    "watchPlugins": [
      "jest-watch-typeahead/filename",
      "jest-watch-typeahead/testname"
    ],
    "resetMocks": true
  },
  "babel": {
    "presets": [
      "react-app"
    ]
  },
  "eslintConfig": {
    "extends": "react-app"
  }
}
